name,email,contact,course
Scott Harrison,manningmark@rios.com,4063673656,Machine Learning
Cindy Taylor,umorales@pope.org,2330898798,Cybersecurity
Dana Kennedy,jodiwilliams@hotmail.com,8638153407,Java
William Brown,fischeryolanda@stanton.org,1071708805,Cybersecurity
Cynthia Miller,brianskinner@hotmail.com,9618285005,UI/UX
David Bennett,creynolds@page.info,4272553558,AI
Ronald Moore,jessica90@hotmail.com,6962692409,Machine Learning
Richard Orr,caroldennis@gmail.com,8937349109,AI
Jared Johnson,achoi@gmail.com,4761888732,Python
Taylor Smith,dana32@yahoo.com,0452210590,UI/UX
Mr. John Taylor,jonesmichael@daniel.com,0905893910,Data Science
Stephanie Smith,dryan@hotmail.com,2638804738,Machine Learning
Morgan Kim,olsoncheryl@curtis.biz,9490408024,Python
Stacy Torres,jeffreycamacho@wall.com,8704284064,Web Development
Ronald Davis,tony78@gmail.com,2529874036,Python
Lee Carpenter,michael76@bradford.com,0984975647,Machine Learning
Jose Harris,robertkelly@carter.com,0385062868,AI
Melanie Powell,davidvictoria@woods.com,3799435701,Machine Learning
Austin Gordon,yjohnson@hotmail.com,7199218162,Cybersecurity
Katelyn Carpenter,aaronayers@gmail.com,4827036934,Cloud Computing
Ann Arias,stacypoole@mills.biz,1489376730,Python
Kathryn Doyle,tanyajones@gould-herrera.net,0050449350,AI
Brooke Taylor,christophermiller@martin.com,4352492898,Java
Nicole Jackson,parrishjohn@hotmail.com,4510527625,UI/UX
Danielle Reyes,rachel18@yahoo.com,5743771274,AI
Steven Patrick Jr.,walterjackson@gmail.com,1234107822,Data Science
Darrell Rubio,coopersarah@harris-walls.com,2649228642,C++
Ryan Herring,whitebrandon@boyd-gutierrez.org,3488502424,Java
Claudia Cook,jeremyadams@matthews.org,6106786959,Java
Frank Avery,sullivancynthia@reed-taylor.com,7884707312,Java
Sara Cruz,williamsmeghan@taylor.com,8476618490,Cybersecurity
Dean Yu,bandersen@williams-hunt.com,7121506970,Machine Learning
Duane Ross,nmanning@gmail.com,2061156424,Cybersecurity
Victor Taylor,wjones@yahoo.com,6866481454,Java
Nathan Carlson,lambelizabeth@gmail.com,7010630959,Web Development
Rebecca Zimmerman,lwilliams@harding-cross.net,0928648535,C++
Larry Anderson,tgallegos@joyce.info,0669091496,Web Development
Beverly Burgess,johnsonroberto@johnson.com,4140319524,Data Science
Joseph Craig,dbarrera@collier-morrison.com,1909962045,AI
Crystal Lopez,rnorton@knapp.com,4612130700,Cybersecurity
Christopher Taylor,youngalyssa@hotmail.com,4088419080,Cybersecurity
Jack Raymond,torreseric@simpson.net,6869035037,UI/UX
Elizabeth Hines,astewart@hotmail.com,7122771425,Data Science
Justin White,jonathansanchez@gmail.com,0282194087,Machine Learning
Matthew Johnson,katie49@hotmail.com,1010476768,Cloud Computing
Daniel Burns,gwhite@oneal.org,1222548508,Python
Michael Montgomery,christine00@clark.com,5736058274,Java
Jade Mason,aaronquinn@moody-hansen.info,2448956829,Python
Jaime Silva,alicia78@miller.com,6152003803,UI/UX
Wendy Stanley,petersdaniel@yahoo.com,3714421675,Java
Stephanie Hardin,pricekristine@yahoo.com,1025527428,Data Science
David Murray,nixonlindsay@gordon.com,9361624902,Data Science
Gabriela Miller,hebertmelissa@pratt.org,1559351033,Web Development
Christina Chan,joshuathomas@yahoo.com,7131046938,AI
Yvette Rasmussen,matthew10@stephens.net,4202470801,Web Development
David Whitney,jenniferdiaz@anderson.com,2406141935,Cybersecurity
Carmen West,william13@duncan-bishop.com,4086796984,C++
Daniel Chang,courtneypatel@thompson.org,8423744837,Python
Curtis Lopez,zyoder@yahoo.com,2465769730,Web Development
Daniel Pittman,millerjacqueline@hotmail.com,1632267643,Java
Katelyn Grimes,sharonsanders@cochran-wilson.com,3147670596,Web Development
Adrian Carrillo,gcampbell@olson-whitaker.info,3226976579,Java
Jonathan Harris,jennifer54@yahoo.com,4451372214,Python
Christopher Rogers MD,adam32@yahoo.com,8696820566,Data Science
Jessica Hernandez,kellerjodi@lane-turner.com,6270452368,Machine Learning
Kenneth Fitzgerald,mark30@gmail.com,4896895585,AI
Jason Swanson,holly41@hotmail.com,3610962462,Java
Linda Martin,melanie76@lane-jordan.com,0867482774,AI
Ashley Shaw,timothyschneider@rodriguez.org,3944877125,Python
Jessica Mcdowell,cnewman@mejia-garcia.org,9290875097,Web Development
Patty Blanchard,candicewalsh@hotmail.com,1152359889,Data Science
John Adams,daniellecombs@gmail.com,6059190435,AI
Julia Brown,alexander86@griffin.com,0025980435,Data Science
Melissa Gonzales,darryl03@hotmail.com,5665128749,UI/UX
Stacy Fischer,johnsonbrittany@gmail.com,8897926843,AI
Vanessa Nixon,thomasferguson@gmail.com,3003984197,Cloud Computing
Jesse Rodriguez,buckleyheather@george-cross.net,9323884893,Python
Michael Garcia,wkidd@hotmail.com,5900032285,AI
Danielle Dean,powelllisa@yahoo.com,6196037896,Python
Deborah Gonzalez,louisanderson@yahoo.com,9006264201,Machine Learning
Laura Harris,victor21@yahoo.com,9159199198,Data Science
Jeffrey Molina,sarahsmith@wilson.com,6927236916,Web Development
Karen Scott,nalvarado@hotmail.com,9504507167,Cloud Computing
Sarah Taylor,danielpaul@hotmail.com,7686111746,AI
Jennifer Dawson,tmoore@hotmail.com,8005956133,Java
Daniel Foster,jjackson@gmail.com,7582693145,Machine Learning
Patrick Mccarthy,averydavid@yahoo.com,1107293307,Python
Haley Todd,claudia95@yahoo.com,8956942279,Data Science
Adam Phillips,michealmartinez@yahoo.com,2738410552,C++
Monica Beard,anthonyjohnson@hotmail.com,0283022219,Web Development
Joanne Sanchez,raustin@rodriguez.com,1908650852,Web Development
Nicole Rose,tina88@yahoo.com,6860801155,Java
William Taylor,timothyhickman@johnston.info,9162885720,Web Development
Kathy Martinez,shawn34@flores-clark.com,6726571228,Java
Ashley Warner,parkerpeggy@richmond.com,0714541493,Cloud Computing
Emily George,karenpacheco@graham.biz,9500601544,Data Science
Tom Fox,elizabeth16@hotmail.com,2992404454,Data Science
Angela Browning,linda08@hotmail.com,4356700006,C++
Joshua Cooper,johnsonjanice@schmitt.com,8164953467,Web Development
Justin Miller,ericreilly@yahoo.com,4012191361,Web Development
